{"train/loss_cls": 0.6847322070598603, "train/loss_bbox": 1.0512360656261444, "train/loss_centerness": 0.6452472937107087, "train/loss": 2.3812155675888063, "train/grad_norm": 2.834050509929657, "learning_rate": 2.44756e-05, "momentum": 0.9, "_timestamp": 1648380066, "_runtime": 731, "_step": 124, "val/bbox_mAP": 0.007, "val/bbox_mAP_50": 0.023, "val/bbox_mAP_75": 0.002, "val/bbox_mAP_s": 0.0, "val/bbox_mAP_m": 0.0, "val/bbox_mAP_l": 0.008}