{"train/loss_rpn_cls": 0.008353949084412306, "train/loss_rpn_bbox": 0.010517378840595483, "train/s0.loss_cls": 0.06460033409297467, "train/s0.acc": 97.62239379882813, "train/s0.loss_bbox": 0.038273709854111077, "train/s1.loss_cls": 0.0291983475163579, "train/s1.acc": 97.90915008544921, "train/s1.loss_bbox": 0.0404870189120993, "train/s2.loss_cls": 0.014501789293717593, "train/s2.acc": 97.83143218994141, "train/s2.loss_bbox": 0.027770500001497566, "train/loss": 0.23370302766561507, "train/grad_norm": 3.227032148838043, "learning_rate": 1.3014428414850129e-05, "momentum": 0.9, "_timestamp": 1648953903, "_runtime": 198406, "_step": 52597, "val/bbox_mAP": 0.321, "val/bbox_mAP_50": 0.425, "val/bbox_mAP_75": 0.339, "val/bbox_mAP_s": 0.064, "val/bbox_mAP_m": 0.213, "val/bbox_mAP_l": 0.364, "_wandb": {"runtime": 198406}}