{"train/loss_rpn_cls": 0.04598492505960167, "train/loss_rpn_bbox": 0.04150794594548643, "train/s0.loss_cls": 0.30512777104973793, "train/s0.acc": 91.3505859375, "train/s0.loss_bbox": 0.15214980326592922, "train/s1.loss_cls": 0.14451157048344612, "train/s1.acc": 91.82734298706055, "train/s1.loss_bbox": 0.12386135131120682, "train/s2.loss_cls": 0.06339880798012018, "train/s2.acc": 92.81925933837891, "train/s2.loss_bbox": 0.0589415031671524, "train/loss": 0.9354836732149124, "train/grad_norm": 5.02779146194458, "learning_rate": 0.0001, "momentum": 0.9, "_timestamp": 1648644216, "_runtime": 3788, "_step": 1182, "val/bbox_mAP": 0.128, "val/bbox_mAP_50": 0.253, "val/bbox_mAP_75": 0.122, "val/bbox_mAP_s": 0.0, "val/bbox_mAP_m": 0.015, "val/bbox_mAP_l": 0.16}