{"train/loss_cls": 0.14075189411640168, "train/loss_bbox": 0.2850573524832726, "train/loss_centerness": 0.6029209804534912, "train/loss": 1.0287302207946778, "train/grad_norm": 2.5097609305381776, "learning_rate": 1.0000000000000002e-06, "momentum": 0.9, "_timestamp": 1648447351, "_runtime": 20981, "_step": 4921, "val/bbox_mAP": 0.368, "val/bbox_mAP_50": 0.523, "val/bbox_mAP_75": 0.394, "val/bbox_mAP_s": 0.0, "val/bbox_mAP_m": 0.043, "val/bbox_mAP_l": 0.446}