{"train/loss_cls": 0.11861808866262435, "train/loss_bbox": 0.2549835529923439, "train/loss_centerness": 0.5997450709342956, "train/loss": 0.9733467054367065, "train/grad_norm": 3.0265170431137083, "learning_rate": 3.3493649053890326e-06, "momentum": 0.9, "_timestamp": 1648472455, "_runtime": 19308, "_step": 4429, "val/bbox_mAP": 0.343, "val/bbox_mAP_50": 0.5, "val/bbox_mAP_75": 0.36, "val/bbox_mAP_s": 0.0, "val/bbox_mAP_m": 0.043, "val/bbox_mAP_l": 0.419, "_wandb": {"runtime": 19308}}