{"train/loss_rpn_cls": 0.16875419813001577, "train/loss_rpn_bbox": 0.0408731572510008, "train/s0.loss_cls": 0.3286778506602448, "train/s0.acc": 93.45983056920556, "train/s0.loss_bbox": 0.15483727172493056, "train/s1.loss_cls": 0.07876292611552398, "train/s1.acc": 97.12941812551188, "train/s1.loss_bbox": 0.0457931721631133, "train/s2.loss_cls": 0.021482167035924007, "train/s2.acc": 98.55471149416462, "train/s2.loss_bbox": 0.006481847072953528, "train/loss": 0.8456625910712304, "train/grad_norm": 4.343884684822776, "learning_rate": 2.0000000000000005e-05, "momentum": 0.9, "_timestamp": 1648216222, "_runtime": 76759, "_step": 122100, "_wandb": {"runtime": 76762}}