{"train/loss_cls": 0.7338542819023133, "train/loss_bbox": 1.041749963760376, "train/loss_centerness": 0.6450040376186371, "train/loss": 2.420608286857605, "train/grad_norm": 2.7979467797279356, "learning_rate": 2.44756e-05, "momentum": 0.9, "_timestamp": 1648402266, "_runtime": 663, "_step": 124, "val/bbox_mAP": 0.005, "val/bbox_mAP_50": 0.018, "val/bbox_mAP_75": 0.001, "val/bbox_mAP_s": 0.0, "val/bbox_mAP_m": 0.001, "val/bbox_mAP_l": 0.006, "_wandb": {"runtime": 955}}