{"train/loss_rpn_cls": 0.6444116973876953, "train/loss_rpn_bbox": 0.028997987052425744, "train/s0.loss_cls": 1.1782824856042862, "train/s0.acc": 75.3203125, "train/s0.loss_bbox": 0.01397023187535524, "train/s1.loss_cls": 0.7484845787286758, "train/s1.acc": 59.59375, "train/s1.loss_bbox": 0.0031007298427266506, "train/s2.loss_cls": 0.4089473420381546, "train/s2.acc": 57.359375, "train/s2.loss_bbox": 0.00047757001327227046, "train/loss": 3.0266725873947142, "train/grad_norm": 29.328681259155275, "learning_rate": 4.995100000000008e-06, "momentum": 0.9, "_timestamp": 1648994088, "_runtime": 77, "_step": 50}