{"train/loss_rpn_cls": 0.15832336185500026, "train/loss_rpn_bbox": 0.05405970489885658, "train/s0.loss_cls": 0.39327303116023543, "train/s0.acc": 91.794921875, "train/s0.loss_bbox": 0.15450769197568298, "train/s1.loss_cls": 0.1369689103551209, "train/s1.acc": 94.776953125, "train/s1.loss_bbox": 0.07292595297191293, "train/s2.loss_cls": 0.04569357426930219, "train/s2.acc": 97.16943359375, "train/s2.loss_bbox": 0.01850540342181921, "train/loss": 1.0342576331198214, "train/grad_norm": 4.854162136077881, "learning_rate": 0.000999002, "momentum": 0.9, "_timestamp": 1648137625, "_runtime": 329, "_step": 500}