{"train/loss_rpn_cls": 0.04234029650688172, "train/loss_rpn_bbox": 0.02652925606817007, "train/s0.loss_cls": 0.2073812660574913, "train/s0.acc": 93.75390625, "train/s0.loss_bbox": 0.10224238315597177, "train/s1.loss_cls": 0.10123532101511955, "train/s1.acc": 93.67623428344727, "train/s1.loss_bbox": 0.09501202452927827, "train/s2.loss_cls": 0.04754165157675743, "train/s2.acc": 94.02162002563476, "train/s2.loss_bbox": 0.05138614431023598, "train/loss": 0.6736683452129364, "train/grad_norm": 4.5325075101852415, "learning_rate": 0.0001, "momentum": 0.9, "_timestamp": 1648220519, "_runtime": 1754, "_step": 2692, "_wandb": {"runtime": 1784}}