{"train/loss_cls": 0.5014652705192566, "train/loss_bbox": 0.8216770410537719, "train/loss_centerness": 0.6399970960617065, "train/loss": 1.9631394124031067, "train/grad_norm": 5.547437729835511, "learning_rate": 4.4455599999999995e-05, "momentum": 0.9, "_timestamp": 1648390067, "_runtime": 1195, "_step": 223, "val/bbox_mAP": 0.007, "val/bbox_mAP_50": 0.021, "val/bbox_mAP_75": 0.002, "val/bbox_mAP_s": 0.0, "val/bbox_mAP_m": 0.0, "val/bbox_mAP_l": 0.008}