{"train/loss_rpn_cls": 0.12231433868408204, "train/loss_rpn_bbox": 0.05070073266513646, "train/s0.loss_cls": 0.5342291399836541, "train/s0.acc": 88.15625, "train/s0.loss_bbox": 0.24291244074702262, "train/s1.loss_cls": 0.1593002746999264, "train/s1.acc": 93.75390625, "train/s1.loss_bbox": 0.07480297417379916, "train/s2.loss_cls": 0.05422051373869181, "train/s2.acc": 96.0078125, "train/s2.loss_bbox": 0.012129575696890242, "train/loss": 1.2506099873781205, "train/grad_norm": 5.706962041854858, "learning_rate": 2.4975099999999994e-05, "momentum": 0.9, "_timestamp": 1649032702, "_runtime": 314, "_step": 250}