{"train/loss_rpn_cls": 0.116047433167696, "train/loss_rpn_bbox": 0.05024623299948871, "train/s0.loss_cls": 0.34726780638098714, "train/s0.acc": 92.701171875, "train/s0.loss_bbox": 0.15871002033352852, "train/s1.loss_cls": 0.10825410939753055, "train/s1.acc": 95.8955078125, "train/s1.loss_bbox": 0.066292512267828, "train/s2.loss_cls": 0.030644760131835938, "train/s2.acc": 97.9921875, "train/s2.loss_bbox": 0.012856335123069584, "train/loss": 0.890319213271141, "train/grad_norm": 4.7401918292045595, "learning_rate": 0.00029970200000000016, "momentum": 0.9, "_timestamp": 1648138335, "_runtime": 117, "_step": 150, "_wandb": {"runtime": 143}}