{"train/loss_cls": 0.5867690062522888, "train/loss_bbox": 1.0104563212394715, "train/loss_centerness": 0.6446184766292572, "train/loss": 2.2418438005447388, "train/grad_norm": 3.024743368625641, "learning_rate": 0.00012352969781240805, "momentum": 0.9, "_timestamp": 1648373413, "_runtime": 757, "_step": 124, "val/bbox_mAP": 0.015, "val/bbox_mAP_50": 0.042, "val/bbox_mAP_75": 0.005, "val/bbox_mAP_s": 0.0, "val/bbox_mAP_m": 0.003, "val/bbox_mAP_l": 0.019}