{"train/loss_rpn_cls": 0.023853193538961932, "train/loss_rpn_bbox": 0.020190667852875776, "train/s0.loss_cls": 0.37268848448991776, "train/s0.acc": 87.9765625, "train/s0.loss_bbox": 0.1810652855783701, "train/s1.loss_cls": 0.17273043602705002, "train/s1.acc": 89.18251052856445, "train/s1.loss_bbox": 0.166741851195693, "train/s2.loss_cls": 0.08522209648042917, "train/s2.acc": 88.99334609985351, "train/s2.loss_bbox": 0.09190492182970048, "train/loss": 1.114396948814392, "train/grad_norm": 10.658445386886596, "learning_rate": 0.0001, "momentum": 0.9, "_timestamp": 1649015988, "_runtime": 17286, "_step": 10954, "val/bbox_mAP": 0.398, "val/bbox_mAP_50": 0.568, "val/bbox_mAP_75": 0.428, "val/bbox_mAP_s": 0.014, "val/bbox_mAP_m": 0.092, "val/bbox_mAP_l": 0.468}