{"train/loss_cls": 0.25360544145107267, "train/loss_bbox": 0.407884064912796, "train/loss_centerness": 0.6120299279689789, "train/loss": 1.2735194373130798, "train/grad_norm": 4.112484827041626, "learning_rate": 0.0001, "momentum": 0.9, "_timestamp": 1648396843, "_runtime": 6556, "_step": 1453, "val/loss_cls": 0.34172989229361217, "val/loss_bbox": 0.5262416144212086, "val/loss_centerness": 0.6226468205451965, "val/loss": 1.4906183203061423, "_wandb": {"runtime": 6663}}