{"train/loss_cls": 0.4321645975112915, "train/loss_bbox": 0.5377711033821106, "train/loss_centerness": 0.620365036725998, "train/loss": 1.5903007459640504, "train/grad_norm": 3.0396036291122437, "learning_rate": 0.01, "momentum": 0.9, "_timestamp": 1648367783, "_runtime": 3735, "_step": 2870, "val/bbox_mAP": 0.084, "val/bbox_mAP_50": 0.152, "val/bbox_mAP_75": 0.091, "val/bbox_mAP_s": 0.0, "val/bbox_mAP_m": 0.007, "val/bbox_mAP_l": 0.106}