{"train/loss_cls": 0.7231549835205078, "train/loss_bbox": 1.0499736607074737, "train/loss_centerness": 0.6466262578964234, "train/loss": 2.419754900932312, "train/grad_norm": 2.8341347360610962, "learning_rate": 2.44756e-05, "momentum": 0.9, "_timestamp": 1648378825, "_runtime": 714, "_step": 124, "val/bbox_mAP": 0.007, "val/bbox_mAP_50": 0.026, "val/bbox_mAP_75": 0.002, "val/bbox_mAP_s": 0.0, "val/bbox_mAP_m": 0.0, "val/bbox_mAP_l": 0.009, "_wandb": {"runtime": 719}}