{"train/loss_rpn_cls": 0.6455183339118957, "train/loss_rpn_bbox": 0.020791224571876227, "train/s0.loss_cls": 1.302970517873764, "train/s0.acc": 65.96484375, "train/s0.loss_bbox": 0.010226957688591937, "train/s1.loss_cls": 0.5405973455309868, "train/s1.acc": 83.51953125, "train/s1.loss_bbox": 0.0029524154313958204, "train/s2.loss_cls": 0.2861672641336918, "train/s2.acc": 71.65234375, "train/s2.loss_bbox": 0.00032183619840111535, "train/loss": 2.8095458793640136, "train/grad_norm": 32.35164396286011, "learning_rate": 4.995100000000008e-06, "momentum": 0.9, "_timestamp": 1648993727, "_runtime": 76, "_step": 50}