{"train/loss_rpn_cls": 0.021410666957381183, "train/loss_rpn_bbox": 0.019060942128417083, "train/s0.loss_cls": 0.3068030971288681, "train/s0.acc": 89.73828125, "train/s0.loss_bbox": 0.14668745424598456, "train/s1.loss_cls": 0.13481748770922422, "train/s1.acc": 90.95915344238281, "train/s1.loss_bbox": 0.1401265935599804, "train/s2.loss_cls": 0.06739530432969332, "train/s2.acc": 90.7315396118164, "train/s2.loss_bbox": 0.0873092040605843, "train/loss": 0.9236107620596886, "train/grad_norm": 10.395036668777466, "learning_rate": 0.0001, "momentum": 0.9, "_timestamp": 1649056732, "_runtime": 23916, "_step": 16347, "val/bbox_mAP": 0.402, "val/bbox_mAP_50": 0.574, "val/bbox_mAP_75": 0.434, "val/bbox_mAP_s": 0.002, "val/bbox_mAP_m": 0.092, "val/bbox_mAP_l": 0.457}