{"train/loss_cls": 0.7210767686367034, "train/loss_bbox": 0.8876758408546448, "train/loss_centerness": 0.6248742842674255, "train/loss": 2.233626902103424, "train/grad_norm": 1.830451329946518, "learning_rate": 3.08665197234617e-05, "momentum": 0.9, "_timestamp": 1648601664, "_runtime": 57858, "_step": 31260, "val/bbox_mAP": 0.002, "val/bbox_mAP_50": 0.007, "val/bbox_mAP_75": 0.0, "val/bbox_mAP_s": 0.0, "val/bbox_mAP_m": 0.0, "val/bbox_mAP_l": 0.002}