{"train/loss_rpn_cls": 0.6624610102176667, "train/loss_rpn_bbox": 0.02366667949012481, "train/s0.loss_cls": 1.5294792556762695, "train/s0.acc": 57.8671875, "train/s0.loss_bbox": 0.021099288836248887, "train/s1.loss_cls": 0.7129938113689422, "train/s1.acc": 63.15625, "train/s1.loss_bbox": 0.00586580796029466, "train/s2.loss_cls": 0.3650517112016678, "train/s2.acc": 62.6953125, "train/s2.loss_bbox": 0.0009276803191482941, "train/loss": 3.3215451979637147, "train/grad_norm": 33.27436319351196, "learning_rate": 4.995100000000008e-06, "momentum": 0.9, "_timestamp": 1648995393, "_runtime": 79, "_step": 50}