{"train/loss_rpn_cls": 0.2354160176217556, "train/loss_rpn_bbox": 0.02938852454768494, "train/s0.loss_cls": 0.5838925206661224, "train/s0.acc": 88.171875, "train/s0.loss_bbox": 0.2401910777390003, "train/s1.loss_cls": 0.18161549285054207, "train/s1.acc": 93.640625, "train/s1.loss_bbox": 0.0784224472939968, "train/s2.loss_cls": 0.062114190608263016, "train/s2.acc": 96.01953125, "train/s2.loss_bbox": 0.011633247884456068, "train/loss": 1.4226735055446624, "train/grad_norm": 5.928984251022339, "learning_rate": 1.4985100000000007e-05, "momentum": 0.9, "_timestamp": 1648996118, "_runtime": 200, "_step": 150}