{"train/loss_rpn_cls": 0.009910673166625177, "train/loss_rpn_bbox": 0.014485841691523544, "train/s0.loss_cls": 0.07655902609708097, "train/s0.acc": 97.12413940929567, "train/s0.loss_bbox": 0.056665947331103396, "train/s1.loss_cls": 0.029861709112045946, "train/s1.acc": 97.79730057150101, "train/s1.loss_bbox": 0.052923411048146345, "train/s2.loss_cls": 0.014211599011222827, "train/s2.acc": 97.89394270563399, "train/s2.loss_bbox": 0.03442848244427195, "train/loss": 0.28904669028901353, "train/grad_norm": 3.618961913189275, "learning_rate": 1.0000000000000002e-06, "momentum": 0.9, "_timestamp": 1648298567, "_runtime": 77990, "_step": 122100, "_wandb": {"runtime": 77999}}