{"train/loss_rpn_cls": 0.03166802855266724, "train/loss_rpn_bbox": 0.055598298413679005, "train/s0.loss_cls": 0.2988411571085453, "train/s0.acc": 90.0, "train/s0.loss_bbox": 0.18436567693948747, "train/s1.loss_cls": 0.1305411970987916, "train/s1.acc": 91.42985366821289, "train/s1.loss_bbox": 0.1732166389375925, "train/s2.loss_cls": 0.06573693205602467, "train/s2.acc": 91.47090942382812, "train/s2.loss_bbox": 0.0994206440448761, "train/loss": 1.039388566017151, "train/grad_norm": 10.145925550460815, "learning_rate": 5.5e-05, "momentum": 0.9, "_timestamp": 1649132716, "_runtime": 75269, "_step": 62028, "val/bbox_mAP": 0.531, "val/bbox_mAP_50": 0.693, "val/bbox_mAP_75": 0.578, "val/bbox_mAP_s": 0.032, "val/bbox_mAP_m": 0.187, "val/bbox_mAP_l": 0.611}