{"train/loss_rpn_cls": 0.6432678878307343, "train/loss_rpn_bbox": 0.030932142044184728, "train/s0.loss_cls": 1.1867859607934952, "train/s0.acc": 68.7421875, "train/s0.loss_bbox": 0.007945014614142565, "train/s1.loss_cls": 0.669336018562317, "train/s1.acc": 61.4609375, "train/s1.loss_bbox": 0.002594094313117239, "train/s2.loss_cls": 0.38219822235405443, "train/s2.acc": 57.4609375, "train/s2.loss_bbox": 0.0004119947996173323, "train/loss": 2.923471359014511, "train/grad_norm": 31.067760753631593, "learning_rate": 4.995100000000008e-06, "momentum": 0.9, "_timestamp": 1648998336, "_runtime": 74, "_step": 50}