{"train/loss_cls": 0.5815194094181061, "train/loss_bbox": 0.5824981874227524, "train/loss_centerness": 0.6115206933021545, "train/loss": 1.7755382943153382, "train/grad_norm": 4.723563437461853, "learning_rate": 4.665063509461097e-05, "momentum": 0.9, "_timestamp": 1648535043, "_runtime": 54216, "_step": 29660, "val/bbox_mAP": 0.08, "val/bbox_mAP_50": 0.118, "val/bbox_mAP_75": 0.084, "val/bbox_mAP_s": 0.0, "val/bbox_mAP_m": 0.014, "val/bbox_mAP_l": 0.097}