{"train/loss_cls": 0.6070351326465606, "train/loss_bbox": 0.6640636190772057, "train/loss_centerness": 0.6192036092281341, "train/loss": 1.890302369594574, "train/grad_norm": 4.400922210216522, "learning_rate": 4.914814565722671e-05, "momentum": 0.9, "_timestamp": 1648531764, "_runtime": 50937, "_step": 27846, "val/bbox_mAP": 0.08, "val/bbox_mAP_50": 0.118, "val/bbox_mAP_75": 0.084, "val/bbox_mAP_s": 0.0, "val/bbox_mAP_m": 0.014, "val/bbox_mAP_l": 0.097}