{"train/loss_rpn_cls": 0.15536046251654625, "train/loss_rpn_bbox": 0.05094339078292251, "train/s0.loss_cls": 0.36748305514454843, "train/s0.acc": 92.705078125, "train/s0.loss_bbox": 0.1618294920772314, "train/s1.loss_cls": 0.1169184186309576, "train/s1.acc": 95.7255859375, "train/s1.loss_bbox": 0.06992053005844355, "train/s2.loss_cls": 0.036968218591064216, "train/s2.acc": 97.607421875, "train/s2.loss_bbox": 0.016607321468181908, "train/loss": 0.9760308939218522, "train/grad_norm": 4.223310971260071, "learning_rate": 0.000899102, "momentum": 0.9, "_timestamp": 1648138809, "_runtime": 297, "_step": 450}