{"train/loss_rpn_cls": 0.14767223626375198, "train/loss_rpn_bbox": 0.02764072211459279, "train/s0.loss_cls": 0.18542968288064002, "train/s0.acc": 96.63932067871093, "train/s0.loss_bbox": 0.0793884552270174, "train/s1.loss_cls": 0.05036997620016336, "train/s1.acc": 98.46288833618163, "train/s1.loss_bbox": 0.024040786568075418, "train/s2.loss_cls": 0.01549477243795991, "train/s2.acc": 99.17903381347656, "train/s2.loss_bbox": 0.00359933472117973, "train/loss": 0.533635963499546, "train/grad_norm": 2.1611774921417237, "learning_rate": 1.4985100000000007e-05, "momentum": 0.9, "_timestamp": 1648752821, "_runtime": 643, "_step": 150, "_wandb": {"runtime": 792}}