{"train/loss_rpn_cls": 0.6692648112773896, "train/loss_rpn_bbox": 0.032522702980786564, "train/s0.loss_cls": 1.1724123433232307, "train/s0.acc": 78.3671875, "train/s0.loss_bbox": 0.007168896923994908, "train/s1.loss_cls": 0.6265706160664558, "train/s1.acc": 70.50390625, "train/s1.loss_bbox": 0.0012713200388770928, "train/s2.loss_cls": 0.308201951533556, "train/s2.acc": 74.8984375, "train/s2.loss_bbox": 0.00016050892019848107, "train/loss": 2.817573187351227, "train/grad_norm": 30.790818853378298, "learning_rate": 4.995100000000008e-06, "momentum": 0.9, "_timestamp": 1648994864, "_runtime": 73, "_step": 50}