{"train/loss_cls": 0.1430359347164631, "train/loss_bbox": 0.27927875995635987, "train/loss_centerness": 0.6020631194114685, "train/loss": 1.0243778097629548, "train/grad_norm": 2.4958492040634157, "learning_rate": 1.0000000000000002e-06, "momentum": 0.9, "_timestamp": 1648415325, "_runtime": 12761, "_step": 2953, "val/bbox_mAP": 0.366, "val/bbox_mAP_50": 0.527, "val/bbox_mAP_75": 0.384, "val/bbox_mAP_s": 0.003, "val/bbox_mAP_m": 0.045, "val/bbox_mAP_l": 0.443, "_wandb": {"runtime": 12758}}