{"train/loss_rpn_cls": 0.14384066654369235, "train/loss_rpn_bbox": 0.06083634947426617, "train/s0.loss_cls": 0.3670346799492836, "train/s0.acc": 92.458984375, "train/s0.loss_bbox": 0.15412907214835286, "train/s1.loss_cls": 0.1326795692741871, "train/s1.acc": 94.658203125, "train/s1.loss_bbox": 0.08394855393096805, "train/s2.loss_cls": 0.046175982491113245, "train/s2.acc": 96.6376953125, "train/s2.loss_bbox": 0.024698434202000498, "train/loss": 1.0133432929217816, "train/grad_norm": 4.4302028155326845, "learning_rate": 0.0005994019999999997, "momentum": 0.9, "_timestamp": 1648138114, "_runtime": 219, "_step": 300, "_wandb": {"runtime": 287}}