{"train/loss_rpn_cls": 0.030837854212149976, "train/loss_rpn_bbox": 0.010461061792448163, "train/s0.loss_cls": 0.11113894253969192, "train/s0.acc": 97.294921875, "train/s0.loss_bbox": 0.048592756222933534, "train/s1.loss_cls": 0.03892384491860867, "train/s1.acc": 98.1494140625, "train/s1.loss_bbox": 0.02384778213687241, "train/s2.loss_cls": 0.012772330790758133, "train/s2.acc": 98.8388671875, "train/s2.loss_bbox": 0.005244532371871173, "train/loss": 0.28181910902261736, "train/grad_norm": 0.8688591688871383, "learning_rate": 1.1533337816991932e-05, "momentum": 0.9, "_timestamp": 1648630694, "_runtime": 26895, "_step": 11934, "val/bbox_mAP": 0.004, "val/bbox_mAP_50": 0.011, "val/bbox_mAP_75": 0.002, "val/bbox_mAP_s": 0.0, "val/bbox_mAP_m": 0.0, "val/bbox_mAP_l": 0.005}