{"train/loss_rpn_cls": 0.011192457568540704, "train/loss_rpn_bbox": 0.01870772979455069, "train/s0.loss_cls": 0.10051406592130661, "train/s0.acc": 96.35676834106445, "train/s0.loss_bbox": 0.06868173118680715, "train/s1.loss_cls": 0.03940463437698782, "train/s1.acc": 97.11003967285156, "train/s1.loss_bbox": 0.06623441325500608, "train/s2.loss_cls": 0.018257659692317248, "train/s2.acc": 97.29984619140625, "train/s2.loss_bbox": 0.04206371949985623, "train/loss": 0.36505641087889673, "train/grad_norm": 3.7311573219299317, "learning_rate": 1.3014428414850129e-05, "momentum": 0.9, "_timestamp": 1648741726, "_runtime": 96305, "_step": 23581, "val/bbox_mAP": 0.472, "val/bbox_mAP_50": 0.615, "val/bbox_mAP_75": 0.504, "val/bbox_mAP_s": 0.032, "val/bbox_mAP_m": 0.1, "val/bbox_mAP_l": 0.556, "_wandb": {"runtime": 96305}}