{"train/loss_rpn_cls": 0.12473732501268386, "train/loss_rpn_bbox": 0.051216743404511364, "train/s0.loss_cls": 0.3567266346514225, "train/s0.acc": 92.75341796875, "train/s0.loss_bbox": 0.145949463006109, "train/s1.loss_cls": 0.13391023445874453, "train/s1.acc": 94.76416015625, "train/s1.loss_bbox": 0.08182748604565859, "train/s2.loss_cls": 0.046282329382374886, "train/s2.acc": 96.6337890625, "train/s2.loss_bbox": 0.02611484192777425, "train/loss": 0.9667650520801544, "train/grad_norm": 3.89282723903656, "learning_rate": 0.0007992019999999999, "momentum": 0.9, "_timestamp": 1648139270, "_runtime": 293, "_step": 400}